"0","#Got some help here for creating a scatter plot using ggplot from chatgpt"
"0",""
"0","library(ggplot2)"
"0",""
"0","# Create scatter plot with labels"
"0","plot <- ggplot(windmill_data, aes(x = RSpd, y = CSpd)) +"
"0","  geom_point(color = ""blue"", size = 1) +"
"0","  labs(title = ""The Relationship Between Wind Speeds at Reference Sites and Candidate Sites"","
"0","       x = ""Reference Site Wind Speed (m/s)"","
"0","       y = ""Candidate Site Wind Speed (m/s)"") +"
"0","  theme_minimal()"
"0",""
"0","# Print the plot"
"0","print(plot)"
